Albania,Tirana,Data Scientist,187506
Albania,Tirana,Data Scientist,187506
Albania,Tirana,Data Scientist,187506
Albania,Tirana,Data Scientist,187506
Albania,Tirana,Data Scientist,187506
Albania,Tirana,Data Scientist,187506
Andorra,Andorra la Vella,Data Scientist,197452
Antigua and Barbuda,St. John's,Data Scientist,108816
Andorra,Andorra la Vella,Data Scientist,197452
Antigua and Barbuda,St. John's,Data Scientist,108816
Andorra,Andorra la Vella,Data Scientist,197452
Antigua and Barbuda,St. John's,Data Scientist,108816
Andorra,Andorra la Vella,Data Scientist,197452
Antigua and Barbuda,St. John's,Data Scientist,108816
Botswana,Gaborone,Data Scientist,106058
Brunei,Bandar Seri Begawan,Data Scientist,109658
Botswana,Gaborone,Data Scientist,106058
Brunei,Bandar Seri Begawan,Data Scientist,109658
Botswana,Gaborone,Data Scientist,106058
Brunei,Bandar Seri Begawan,Data Scientist,109658
Botswana,Gaborone,Data Scientist,106058
Brunei,Bandar Seri Begawan,Data Scientist,109658
Burundi,Bujumbura,Data Scientist,134521
Canada,Ottawa,Data Scientist,193222
Burundi,Bujumbura,Data Scientist,134521
Canada,Ottawa,Data Scientist,193222
Burundi,Bujumbura,Data Scientist,134521
Canada,Ottawa,Data Scientist,193222
Burundi,Bujumbura,Data Scientist,134521
Canada,Ottawa,Data Scientist,193222
Central African Republic,Bangui,Data Scientist,197985
Central African Republic,Bangui,Data Scientist,197985
Central African Republic,Bangui,Data Scientist,197985
Central African Republic,Bangui,Data Scientist,197985
Central African Republic,Bangui,Data Scientist,197985
Central African Republic,Bangui,Data Scientist,197985
Central African Republic,Bangui,Data Scientist,197985
Central African Republic,Bangui,Data Scientist,197985
Central African Republic,Bangui,Data Scientist,197985
Central African Republic,Bangui,Data Scientist,197985
Central African Republic,Bangui,Data Scientist,197985
Central African Republic,Bangui,Data Scientist,197985
Central African Republic,Bangui,Data Scientist,197985
Central African Republic,Bangui,Data Scientist,197985
Central African Republic,Bangui,Data Scientist,197985
Central African Republic,Bangui,Data Scientist,197985
China,Beijing,Data Scientist,110494
Colombia,Bogotá,Data Scientist,110718
China,Beijing,Data Scientist,110494
Colombia,Bogotá,Data Scientist,110718
China,Beijing,Data Scientist,110494
Colombia,Bogotá,Data Scientist,110718
China,Beijing,Data Scientist,110494
Colombia,Bogotá,Data Scientist,110718
Falkland Islands,Stanley,Data Scientist,154444
Falkland Islands,Stanley,Data Scientist,154444
Falkland Islands,Stanley,Data Scientist,154444
Falkland Islands,Stanley,Data Scientist,154444
Falkland Islands,Stanley,Data Scientist,154444
Falkland Islands,Stanley,Data Scientist,154444
Fiji,Suva,Data Scientist,139146
French Guiana,Cayenne,Data Scientist,149203
Fiji,Suva,Data Scientist,139146
French Guiana,Cayenne,Data Scientist,149203
Fiji,Suva,Data Scientist,139146
French Guiana,Cayenne,Data Scientist,149203
Fiji,Suva,Data Scientist,139146
French Guiana,Cayenne,Data Scientist,149203
Fiji,Suva,Data Scientist,139146
French Guiana,Cayenne,Data Scientist,149203
Fiji,Suva,Data Scientist,139146
French Guiana,Cayenne,Data Scientist,149203
Fiji,Suva,Data Scientist,139146
French Guiana,Cayenne,Data Scientist,149203
Fiji,Suva,Data Scientist,139146
French Guiana,Cayenne,Data Scientist,149203
Fiji,Suva,Data Scientist,139146
French Guiana,Cayenne,Data Scientist,149203
Fiji,Suva,Data Scientist,139146
French Guiana,Cayenne,Data Scientist,149203
Fiji,Suva,Data Scientist,139146
French Guiana,Cayenne,Data Scientist,149203
Fiji,Suva,Data Scientist,139146
French Guiana,Cayenne,Data Scientist,149203
Fiji,Suva,Data Scientist,139146
French Guiana,Cayenne,Data Scientist,149203
Fiji,Suva,Data Scientist,139146
French Guiana,Cayenne,Data Scientist,149203
Fiji,Suva,Data Scientist,139146
French Guiana,Cayenne,Data Scientist,149203
Fiji,Suva,Data Scientist,139146
French Guiana,Cayenne,Data Scientist,149203
Gambia,Banjul,Data Scientist,198984
Ghana,Accra,Data Scientist,165130
Gambia,Banjul,Data Scientist,198984
Ghana,Accra,Data Scientist,165130
Gambia,Banjul,Data Scientist,198984
Ghana,Accra,Data Scientist,165130
Gambia,Banjul,Data Scientist,198984
Ghana,Accra,Data Scientist,165130
Gambia,Banjul,Data Scientist,198984
Ghana,Accra,Data Scientist,165130
Gambia,Banjul,Data Scientist,198984
Ghana,Accra,Data Scientist,165130
Gambia,Banjul,Data Scientist,198984
Ghana,Accra,Data Scientist,165130
Gambia,Banjul,Data Scientist,198984
Ghana,Accra,Data Scientist,165130
Gambia,Banjul,Data Scientist,198984
Ghana,Accra,Data Scientist,165130
Gambia,Banjul,Data Scientist,198984
Ghana,Accra,Data Scientist,165130
Somalia,Mogadishu,Data Scientist,195194
South Georgia and the South Sandwich Islands,Grytviken,Data Scientist,110361
Somalia,Mogadishu,Data Scientist,195194
South Georgia and the South Sandwich Islands,Grytviken,Data Scientist,110361
Somalia,Mogadishu,Data Scientist,195194
South Georgia and the South Sandwich Islands,Grytviken,Data Scientist,110361
Somalia,Mogadishu,Data Scientist,195194
South Georgia and the South Sandwich Islands,Grytviken,Data Scientist,110361
Somalia,Mogadishu,Data Scientist,195194
South Georgia and the South Sandwich Islands,Grytviken,Data Scientist,110361
Somalia,Mogadishu,Data Scientist,195194
South Georgia and the South Sandwich Islands,Grytviken,Data Scientist,110361
South Sudan South Sudan,Juba,Data Scientist,126054
South Sudan South Sudan,Juba,Data Scientist,126054
South Sudan South Sudan,Juba,Data Scientist,126054
South Sudan South Sudan,Juba,Data Scientist,126054
South Sudan South Sudan,Juba,Data Scientist,126054
South Sudan South Sudan,Juba,Data Scientist,126054
South Sudan South Sudan,Juba,Data Scientist,126054
South Sudan South Sudan,Juba,Data Scientist,126054
South Sudan South Sudan,Juba,Data Scientist,126054
South Sudan South Sudan,Juba,Data Scientist,126054
South Sudan South Sudan,Juba,Data Scientist,126054
South Sudan South Sudan,Juba,Data Scientist,126054
South Sudan South Sudan,Juba,Data Scientist,126054
South Sudan South Sudan,Juba,Data Scientist,126054
South Sudan South Sudan,Juba,Data Scientist,126054
South Sudan South Sudan,Juba,Data Scientist,126054
Sudan,Khartoum,Data Scientist,140325
Sweden,Stockholm,Data Scientist,135941
Sudan,Khartoum,Data Scientist,140325
Sweden,Stockholm,Data Scientist,135941
Sudan,Khartoum,Data Scientist,140325
Sweden,Stockholm,Data Scientist,135941
Sudan,Khartoum,Data Scientist,140325
Sweden,Stockholm,Data Scientist,135941
Sudan,Khartoum,Data Scientist,140325
Sweden,Stockholm,Data Scientist,135941
Sudan,Khartoum,Data Scientist,140325
Sweden,Stockholm,Data Scientist,135941
Sudan,Khartoum,Data Scientist,140325
Sweden,Stockholm,Data Scientist,135941
Sudan,Khartoum,Data Scientist,140325
Sweden,Stockholm,Data Scientist,135941
Sudan,Khartoum,Data Scientist,140325
Sweden,Stockholm,Data Scientist,135941
Sudan,Khartoum,Data Scientist,140325
Sweden,Stockholm,Data Scientist,135941
Sudan,Khartoum,Data Scientist,140325
Sweden,Stockholm,Data Scientist,135941
Sudan,Khartoum,Data Scientist,140325
Sweden,Stockholm,Data Scientist,135941
Sudan,Khartoum,Data Scientist,140325
Sweden,Stockholm,Data Scientist,135941
Sudan,Khartoum,Data Scientist,140325
Sweden,Stockholm,Data Scientist,135941
Sudan,Khartoum,Data Scientist,140325
Sweden,Stockholm,Data Scientist,135941
Sudan,Khartoum,Data Scientist,140325
Sweden,Stockholm,Data Scientist,135941
São Tomé and Príncipe,São Tomé,Data Scientist,165090
Thailand,Bangkok,Data Scientist,161752
São Tomé and Príncipe,São Tomé,Data Scientist,165090
Thailand,Bangkok,Data Scientist,161752
São Tomé and Príncipe,São Tomé,Data Scientist,165090
Thailand,Bangkok,Data Scientist,161752
São Tomé and Príncipe,São Tomé,Data Scientist,165090
Thailand,Bangkok,Data Scientist,161752
São Tomé and Príncipe,São Tomé,Data Scientist,165090
Thailand,Bangkok,Data Scientist,161752
São Tomé and Príncipe,São Tomé,Data Scientist,165090
Thailand,Bangkok,Data Scientist,161752
São Tomé and Príncipe,São Tomé,Data Scientist,165090
Thailand,Bangkok,Data Scientist,161752
São Tomé and Príncipe,São Tomé,Data Scientist,165090
Thailand,Bangkok,Data Scientist,161752
São Tomé and Príncipe,São Tomé,Data Scientist,165090
Thailand,Bangkok,Data Scientist,161752
São Tomé and Príncipe,São Tomé,Data Scientist,165090
Thailand,Bangkok,Data Scientist,161752
São Tomé and Príncipe,São Tomé,Data Scientist,165090
Thailand,Bangkok,Data Scientist,161752
São Tomé and Príncipe,São Tomé,Data Scientist,165090
Thailand,Bangkok,Data Scientist,161752
São Tomé and Príncipe,São Tomé,Data Scientist,165090
Thailand,Bangkok,Data Scientist,161752
São Tomé and Príncipe,São Tomé,Data Scientist,165090
Thailand,Bangkok,Data Scientist,161752
São Tomé and Príncipe,São Tomé,Data Scientist,165090
Thailand,Bangkok,Data Scientist,161752
São Tomé and Príncipe,São Tomé,Data Scientist,165090
Thailand,Bangkok,Data Scientist,161752
Transnistria,Tiraspol,Data Scientist,158240
Transnistria,Tiraspol,Data Scientist,158240
Transnistria,Tiraspol,Data Scientist,158240
Transnistria,Tiraspol,Data Scientist,158240
Transnistria,Tiraspol,Data Scientist,158240
Transnistria,Tiraspol,Data Scientist,158240
Transnistria,Tiraspol,Data Scientist,158240
Transnistria,Tiraspol,Data Scientist,158240
Transnistria,Tiraspol,Data Scientist,158240
Transnistria,Tiraspol,Data Scientist,158240
Transnistria,Tiraspol,Data Scientist,158240
Transnistria,Tiraspol,Data Scientist,158240
Tunisia,Tunis,Data Scientist,194661
Turks and Caicos Islands,Cockburn Town,Data Scientist,108268
Tunisia,Tunis,Data Scientist,194661
Turks and Caicos Islands,Cockburn Town,Data Scientist,108268
Tunisia,Tunis,Data Scientist,194661
Turks and Caicos Islands,Cockburn Town,Data Scientist,108268
Tunisia,Tunis,Data Scientist,194661
Turks and Caicos Islands,Cockburn Town,Data Scientist,108268
Tunisia,Tunis,Data Scientist,194661
Turks and Caicos Islands,Cockburn Town,Data Scientist,108268
Tunisia,Tunis,Data Scientist,194661
Turks and Caicos Islands,Cockburn Town,Data Scientist,108268
Tunisia,Tunis,Data Scientist,194661
Turks and Caicos Islands,Cockburn Town,Data Scientist,108268
Tunisia,Tunis,Data Scientist,194661
Turks and Caicos Islands,Cockburn Town,Data Scientist,108268
Tunisia,Tunis,Data Scientist,194661
Turks and Caicos Islands,Cockburn Town,Data Scientist,108268
Tunisia,Tunis,Data Scientist,194661
Turks and Caicos Islands,Cockburn Town,Data Scientist,108268
Tunisia,Tunis,Data Scientist,194661
Turks and Caicos Islands,Cockburn Town,Data Scientist,108268
Tunisia,Tunis,Data Scientist,194661
Turks and Caicos Islands,Cockburn Town,Data Scientist,108268
Tunisia,Tunis,Data Scientist,194661
Turks and Caicos Islands,Cockburn Town,Data Scientist,108268
Tunisia,Tunis,Data Scientist,194661
Turks and Caicos Islands,Cockburn Town,Data Scientist,108268
Ukraine,Kiev,Data Scientist,199437
United States,"Washington, D.C.",Data Scientist,179035
Ukraine,Kiev,Data Scientist,199437
United States,"Washington, D.C.",Data Scientist,179035
Ukraine,Kiev,Data Scientist,199437
United States,"Washington, D.C.",Data Scientist,179035
Ukraine,Kiev,Data Scientist,199437
United States,"Washington, D.C.",Data Scientist,179035
Ukraine,Kiev,Data Scientist,199437
United States,"Washington, D.C.",Data Scientist,179035
Ukraine,Kiev,Data Scientist,199437
United States,"Washington, D.C.",Data Scientist,179035
Ukraine,Kiev,Data Scientist,199437
United States,"Washington, D.C.",Data Scientist,179035
Ukraine,Kiev,Data Scientist,199437
United States,"Washington, D.C.",Data Scientist,179035
Ukraine,Kiev,Data Scientist,199437
United States,"Washington, D.C.",Data Scientist,179035
Ukraine,Kiev,Data Scientist,199437
United States,"Washington, D.C.",Data Scientist,179035
Ukraine,Kiev,Data Scientist,199437
United States,"Washington, D.C.",Data Scientist,179035
Ukraine,Kiev,Data Scientist,199437
United States,"Washington, D.C.",Data Scientist,179035
Ukraine,Kiev,Data Scientist,199437
United States,"Washington, D.C.",Data Scientist,179035
Ukraine,Kiev,Data Scientist,199437
United States,"Washington, D.C.",Data Scientist,179035
Ukraine,Kiev,Data Scientist,199437
United States,"Washington, D.C.",Data Scientist,179035
Ukraine,Kiev,Data Scientist,199437
United States,"Washington, D.C.",Data Scientist,179035
Uzbekistan,Tashkent,Data Scientist,187487
Uzbekistan,Tashkent,Data Scientist,187487
Uzbekistan,Tashkent,Data Scientist,187487
Uzbekistan,Tashkent,Data Scientist,187487
Venezuela,Caracas,Data Scientist,189424
Wallis and Futuna,Mata-Utu,Data Scientist,170898
Venezuela,Caracas,Data Scientist,189424
Wallis and Futuna,Mata-Utu,Data Scientist,170898
Venezuela,Caracas,Data Scientist,189424
Wallis and Futuna,Mata-Utu,Data Scientist,170898
Venezuela,Caracas,Data Scientist,189424
Wallis and Futuna,Mata-Utu,Data Scientist,170898
Venezuela,Caracas,Data Scientist,189424
Wallis and Futuna,Mata-Utu,Data Scientist,170898
Venezuela,Caracas,Data Scientist,189424
Wallis and Futuna,Mata-Utu,Data Scientist,170898
Venezuela,Caracas,Data Scientist,189424
Wallis and Futuna,Mata-Utu,Data Scientist,170898
Venezuela,Caracas,Data Scientist,189424
Wallis and Futuna,Mata-Utu,Data Scientist,170898
Venezuela,Caracas,Data Scientist,189424
Wallis and Futuna,Mata-Utu,Data Scientist,170898
Venezuela,Caracas,Data Scientist,189424
Wallis and Futuna,Mata-Utu,Data Scientist,170898
Venezuela,Caracas,Data Scientist,189424
Wallis and Futuna,Mata-Utu,Data Scientist,170898
Venezuela,Caracas,Data Scientist,189424
Wallis and Futuna,Mata-Utu,Data Scientist,170898
Venezuela,Caracas,Data Scientist,189424
Wallis and Futuna,Mata-Utu,Data Scientist,170898
Venezuela,Caracas,Data Scientist,189424
Wallis and Futuna,Mata-Utu,Data Scientist,170898
Venezuela,Caracas,Data Scientist,189424
Wallis and Futuna,Mata-Utu,Data Scientist,170898
Venezuela,Caracas,Data Scientist,189424
Wallis and Futuna,Mata-Utu,Data Scientist,170898
Zambia,Lusaka,Data Scientist,171775
Zambia,Lusaka,Data Scientist,171775
Zambia,Lusaka,Data Scientist,171775
Zambia,Lusaka,Data Scientist,171775
Zambia,Lusaka,Data Scientist,171775
Zambia,Lusaka,Data Scientist,171775
Zambia,Lusaka,Data Scientist,171775
Zambia,Lusaka,Data Scientist,171775
Zambia,Lusaka,Data Scientist,171775
Zambia,Lusaka,Data Scientist,171775
Zambia,Lusaka,Data Scientist,171775
Zambia,Lusaka,Data Scientist,171775
Zambia,Lusaka,Data Scientist,171775
Zambia,Lusaka,Data Scientist,171775
Zambia,Lusaka,Data Scientist,171775
Zambia,Lusaka,Data Scientist,171775
